idx,prompt,answer,pred,correct,latency_ms,flags,gating_enabled
0,"Grid 5x5 with obstacles [(0, 2), (1, 0), (1, 3), (2, 1), (2, 2), (2, 3), (3, 0), (4, 4)]. Start (0, 4) goal (3, 4). What is the shortest path length?",3,3,1,0.0,pre_replay,False
1,"Grid 5x5 with obstacles [(0, 2), (1, 0), (1, 3), (2, 1), (2, 2), (2, 3), (3, 0), (4, 4)]. What move sequence leads from (0, 4) to (3, 3)?",RRRU,RRRU,1,0.0,pre_replay,False
2,"Grid 5x5 with obstacles [(0, 2), (1, 0), (1, 3), (2, 1), (2, 2), (2, 3), (3, 0), (4, 4)]. Start (4, 1). After moves UDUDU where do you end?","[4, 0]","[4, 0]",1,0.0,pre_replay,False
3,"Grid 5x5 with obstacles [(0, 2), (1, 0), (1, 3), (2, 1), (2, 2), (2, 3), (3, 0), (4, 4)]. Start (4, 0) goal (4, 3). What is the shortest path length?",3,3,1,0.0,pre_replay,False
4,"Grid 5x5 with obstacles [(0, 2), (1, 0), (1, 3), (2, 1), (2, 2), (2, 3), (3, 0), (4, 4)]. What move sequence leads from (0, 4) to (3, 3)?",RRRU,RRRU,1,0.0,pre_replay,False
5,"Grid 5x5 with obstacles [(0, 2), (1, 0), (1, 3), (2, 1), (2, 2), (2, 3), (3, 0), (4, 4)]. Start (0, 3). After moves DUDUD where do you end?","[0, 4]","[0, 4]",1,0.0,pre_replay,False
6,"Grid 5x5 with obstacles [(0, 2), (1, 0), (1, 3), (2, 1), (2, 2), (2, 3), (3, 0), (4, 4)]. Start (1, 2) goal (0, 1). What is the shortest path length?",2,2,1,0.0,pre_replay,False
7,"Grid 5x5 with obstacles [(0, 2), (1, 0), (1, 3), (2, 1), (2, 2), (2, 3), (3, 0), (4, 4)]. What move sequence leads from (0, 4) to (3, 3)?",RRRU,RRRU,1,0.0,pre_replay,False
8,"Grid 5x5 with obstacles [(0, 2), (1, 0), (1, 3), (2, 1), (2, 2), (2, 3), (3, 0), (4, 4)]. Start (4, 1). After moves LRLRD where do you end?","[4, 2]","[4, 2]",1,0.0,pre_replay,False
9,"Grid 5x5 with obstacles [(0, 2), (1, 0), (1, 3), (2, 1), (2, 2), (2, 3), (3, 0), (4, 4)]. Start (4, 1) goal (1, 4). What is the shortest path length?",6,6,1,0.0,pre_replay,False
10,"Grid 5x5 with obstacles [(0, 2), (1, 0), (1, 3), (2, 1), (2, 2), (2, 3), (3, 0), (4, 4)]. What move sequence leads from (0, 4) to (3, 3)?",RRRU,RRRU,1,0.0,pre_replay,False
11,"Grid 5x5 with obstacles [(0, 2), (1, 0), (1, 3), (2, 1), (2, 2), (2, 3), (3, 0), (4, 4)]. Start (3, 3). After moves RULRL where do you end?","[3, 2]","[3, 2]",1,0.0,pre_replay,False
12,"Grid 5x5 with obstacles [(0, 2), (1, 0), (1, 3), (2, 1), (2, 2), (2, 3), (3, 0), (4, 4)]. Start (1, 2) goal (0, 0). What is the shortest path length?",3,3,1,0.0,pre_replay,False
13,"Grid 5x5 with obstacles [(0, 2), (1, 0), (1, 3), (2, 1), (2, 2), (2, 3), (3, 0), (4, 4)]. What move sequence leads from (2, 4) to (4, 3)?",RUR,RUR,1,0.0,pre_replay,False
14,"Grid 5x5 with obstacles [(0, 2), (1, 0), (1, 3), (2, 1), (2, 2), (2, 3), (3, 0), (4, 4)]. Start (0, 1). After moves RLRDU where do you end?","[1, 1]","[1, 1]",1,0.0,pre_replay,False
15,"Grid 5x5 with obstacles [(0, 2), (1, 0), (1, 3), (2, 1), (2, 2), (2, 3), (3, 0), (4, 4)]. Start (0, 3) goal (3, 1). What is the shortest path length?",7,7,1,0.0,pre_replay,False
16,"Grid 5x5 with obstacles [(0, 2), (1, 0), (1, 3), (2, 1), (2, 2), (2, 3), (3, 0), (4, 4)]. What move sequence leads from (0, 4) to (3, 3)?",RRRU,RRRU,1,0.0,pre_replay,False
17,"Grid 5x5 with obstacles [(0, 2), (1, 0), (1, 3), (2, 1), (2, 2), (2, 3), (3, 0), (4, 4)]. Start (4, 2). After moves DLDUD where do you end?","[3, 4]","[3, 4]",1,0.0,pre_replay,False
18,"Grid 5x5 with obstacles [(0, 2), (1, 0), (1, 3), (2, 1), (2, 2), (2, 3), (3, 0), (4, 4)]. Start (3, 2) goal (4, 0). What is the shortest path length?",3,3,1,0.0,pre_replay,False
19,"Grid 5x5 with obstacles [(0, 2), (1, 0), (1, 3), (2, 1), (2, 2), (2, 3), (3, 0), (4, 4)]. What move sequence leads from (2, 4) to (4, 3)?",RUR,RUR,1,0.0,pre_replay,False
20,"Grid 5x5 with obstacles [(0, 2), (1, 0), (1, 3), (2, 1), (2, 2), (2, 3), (3, 0), (4, 4)]. Start (0, 4). After moves UDRRL where do you end?","[1, 4]","[1, 4]",1,0.0,pre_replay,False
21,"Grid 5x5 with obstacles [(0, 2), (1, 0), (1, 3), (2, 1), (2, 2), (2, 3), (3, 0), (4, 4)]. Start (0, 0) goal (1, 2). What is the shortest path length?",3,3,1,0.0,pre_replay,False
22,"Grid 5x5 with obstacles [(0, 2), (1, 0), (1, 3), (2, 1), (2, 2), (2, 3), (3, 0), (4, 4)]. What move sequence leads from (0, 4) to (3, 3)?",RRRU,RRRU,1,0.0,pre_replay,False
23,"Grid 5x5 with obstacles [(0, 2), (1, 0), (1, 3), (2, 1), (2, 2), (2, 3), (3, 0), (4, 4)]. Start (0, 4). After moves UDRLR where do you end?","[1, 4]","[1, 4]",1,0.0,pre_replay,False
24,"Grid 5x5 with obstacles [(0, 2), (1, 0), (1, 3), (2, 1), (2, 2), (2, 3), (3, 0), (4, 4)]. Start (0, 4) goal (1, 4). What is the shortest path length?",1,1,1,0.0,pre_replay,False
25,"Grid 5x5 with obstacles [(0, 2), (1, 0), (1, 3), (2, 1), (2, 2), (2, 3), (3, 0), (4, 4)]. What move sequence leads from (2, 4) to (4, 3)?",RUR,RUR,1,0.0,pre_replay,False
26,"Grid 5x5 with obstacles [(0, 2), (1, 0), (1, 3), (2, 1), (2, 2), (2, 3), (3, 0), (4, 4)]. Start (1, 1). After moves DUDUL where do you end?","[0, 1]","[0, 1]",1,0.0,pre_replay,False
27,"Grid 5x5 with obstacles [(0, 2), (1, 0), (1, 3), (2, 1), (2, 2), (2, 3), (3, 0), (4, 4)]. Start (3, 4) goal (2, 4). What is the shortest path length?",1,1,1,0.0,pre_replay,False
28,"Grid 5x5 with obstacles [(0, 2), (1, 0), (1, 3), (2, 1), (2, 2), (2, 3), (3, 0), (4, 4)]. What move sequence leads from (2, 4) to (4, 3)?",RUR,RUR,1,0.0,pre_replay,False
29,"Grid 5x5 with obstacles [(0, 2), (1, 0), (1, 3), (2, 1), (2, 2), (2, 3), (3, 0), (4, 4)]. Start (2, 4). After moves LLUDR where do you end?","[1, 4]","[1, 4]",1,0.0,pre_replay,False
30,"Grid 5x5 with obstacles [(0, 2), (1, 0), (1, 3), (2, 1), (2, 2), (2, 3), (3, 0), (4, 4)]. Start (2, 4) goal (3, 1). What is the shortest path length?",4,4,1,0.0,pre_replay,False
31,"Grid 5x5 with obstacles [(0, 2), (1, 0), (1, 3), (2, 1), (2, 2), (2, 3), (3, 0), (4, 4)]. What move sequence leads from (0, 4) to (3, 3)?",RRRU,RRRU,1,0.0,pre_replay,False
32,"Grid 5x5 with obstacles [(0, 2), (1, 0), (1, 3), (2, 1), (2, 2), (2, 3), (3, 0), (4, 4)]. Start (4, 3). After moves LRUDL where do you end?","[3, 3]","[3, 3]",1,0.0,pre_replay,False
33,"Grid 5x5 with obstacles [(0, 2), (1, 0), (1, 3), (2, 1), (2, 2), (2, 3), (3, 0), (4, 4)]. Start (0, 4) goal (0, 3). What is the shortest path length?",1,1,1,0.0,pre_replay,False
34,"Grid 5x5 with obstacles [(0, 2), (1, 0), (1, 3), (2, 1), (2, 2), (2, 3), (3, 0), (4, 4)]. What move sequence leads from (0, 4) to (3, 3)?",RRRU,RRRU,1,0.0,pre_replay,False
35,"Grid 5x5 with obstacles [(0, 2), (1, 0), (1, 3), (2, 1), (2, 2), (2, 3), (3, 0), (4, 4)]. Start (1, 2). After moves ULUDR where do you end?","[1, 1]","[1, 1]",1,0.0,pre_replay,False
36,"Grid 5x5 with obstacles [(0, 2), (1, 0), (1, 3), (2, 1), (2, 2), (2, 3), (3, 0), (4, 4)]. Start (3, 2) goal (0, 3). What is the shortest path length?",6,6,1,0.0,pre_replay,False
37,"Grid 5x5 with obstacles [(0, 2), (1, 0), (1, 3), (2, 1), (2, 2), (2, 3), (3, 0), (4, 4)]. What move sequence leads from (0, 4) to (3, 3)?",RRRU,RRRU,1,0.0,pre_replay,False
38,"Grid 5x5 with obstacles [(0, 2), (1, 0), (1, 3), (2, 1), (2, 2), (2, 3), (3, 0), (4, 4)]. Start (0, 1). After moves RDULU where do you end?","[0, 0]","[0, 0]",1,0.0,pre_replay,False
39,"Grid 5x5 with obstacles [(0, 2), (1, 0), (1, 3), (2, 1), (2, 2), (2, 3), (3, 0), (4, 4)]. Start (0, 4) goal (4, 3). What is the shortest path length?",5,5,1,0.0,pre_replay,False
40,"Grid 5x5 with obstacles [(0, 2), (1, 0), (1, 3), (2, 1), (2, 2), (2, 3), (3, 0), (4, 4)]. What move sequence leads from (2, 4) to (4, 3)?",RUR,RUR,1,0.0,pre_replay,False
41,"Grid 5x5 with obstacles [(0, 2), (1, 0), (1, 3), (2, 1), (2, 2), (2, 3), (3, 0), (4, 4)]. Start (0, 3). After moves DUDUD where do you end?","[0, 4]","[0, 4]",1,0.0,pre_replay,False
42,"Grid 5x5 with obstacles [(0, 2), (1, 0), (1, 3), (2, 1), (2, 2), (2, 3), (3, 0), (4, 4)]. Start (4, 2) goal (3, 4). What is the shortest path length?",3,3,1,0.0,pre_replay,False
43,"Grid 5x5 with obstacles [(0, 2), (1, 0), (1, 3), (2, 1), (2, 2), (2, 3), (3, 0), (4, 4)]. What move sequence leads from (0, 3) to (3, 3)?",DRRRU,DRRRU,1,0.0,pre_replay,False
44,"Grid 5x5 with obstacles [(0, 2), (1, 0), (1, 3), (2, 1), (2, 2), (2, 3), (3, 0), (4, 4)]. Start (4, 1). After moves LRUDL where do you end?","[3, 1]","[3, 1]",1,0.0,pre_replay,False
45,"Grid 5x5 with obstacles [(0, 2), (1, 0), (1, 3), (2, 1), (2, 2), (2, 3), (3, 0), (4, 4)]. Start (3, 2) goal (4, 3). What is the shortest path length?",2,2,1,0.0,pre_replay,False
46,"Grid 5x5 with obstacles [(0, 2), (1, 0), (1, 3), (2, 1), (2, 2), (2, 3), (3, 0), (4, 4)]. What move sequence leads from (0, 3) to (3, 3)?",DRRRU,DRRRU,1,0.0,pre_replay,False
47,"Grid 5x5 with obstacles [(0, 2), (1, 0), (1, 3), (2, 1), (2, 2), (2, 3), (3, 0), (4, 4)]. Start (0, 3). After moves DRLRL where do you end?","[0, 4]","[0, 4]",1,0.0,pre_replay,False
48,"Grid 5x5 with obstacles [(0, 2), (1, 0), (1, 3), (2, 1), (2, 2), (2, 3), (3, 0), (4, 4)]. Start (3, 3) goal (4, 2). What is the shortest path length?",2,2,1,0.0,pre_replay,False
49,"Grid 5x5 with obstacles [(0, 2), (1, 0), (1, 3), (2, 1), (2, 2), (2, 3), (3, 0), (4, 4)]. What move sequence leads from (0, 4) to (3, 3)?",RRRU,RRRU,1,0.0,pre_replay,False
