idx,prompt,answer,pred,em_raw,em_norm,f1,pred_len,gold_len,overlong,format_violation,latency_ms,memory_hit,retrieval_latency_ms,router_path,topk_keys,distance,justification,context_key,retrieval_requests,writes_count,store_size_before,store_size_after,context_match_rate,success,steps_pred,steps_opt,suboptimality,time_ms_per_100,rss_mb,flags,gating_enabled,retrieval.episodic.avg_latency_ms,retrieval.episodic.batch_size,retrieval.episodic.hit_rate_at_k,retrieval.episodic.hits_at_k,retrieval.episodic.k,retrieval.episodic.requests,retrieval.episodic.tokens_returned,retrieval.episodic.total_k,retrieval.relational.avg_latency_ms,retrieval.relational.batch_size,retrieval.relational.hit_rate_at_k,retrieval.relational.hits_at_k,retrieval.relational.k,retrieval.relational.requests,retrieval.relational.tokens_returned,retrieval.relational.total_k,retrieval.spatial.avg_latency_ms,retrieval.spatial.batch_size,retrieval.spatial.hit_rate_at_k,retrieval.spatial.hits_at_k,retrieval.spatial.k,retrieval.spatial.requests,retrieval.spatial.tokens_returned,retrieval.spatial.total_k,gating.episodic.accepted,gating.episodic.attempts,gating.episodic.skipped,gating.relational.accepted,gating.relational.attempts,gating.relational.skipped,gating.spatial.accepted,gating.spatial.attempts,gating.spatial.skipped
0,"Grid 6x6 with obstacles [(0, 4), (1, 5), (2, 2), (2, 5), (5, 4), (5, 5)]. Start (0, 3) goal (5, 1). Respond with moves using U, D, L, R only, no spaces (e.g., UDLR).",RRRRRUU,UDRLRDLLURDRDRLURRDDRLRUDDRUDDRCRRUCRRURRRURRCRRUDDRCRRUDDRCRRUDDRCRRUDDRCRRUDDRCRRUDDRCRRUDDRCRRUDDRCRRUDDRCRRUDDRCRRUDDRCRRUDDRCRRUDDRCRRUDDRCRRUDDRCRRUDDRCRRUDDRCRRUDDRCRRUDDRCRRUDDRCRRUDDRCRRUDDRCRRUDDRCRRUDDRCRRUDDRCRRUDDRCRRUDDRCRRUDDRCRRUDDRCRRUDDRCRRUDDRCRRUDDRCRRUDDRCRRUDDRCRRUDDRCRRUDDRCRRUDDRCRRUDDRCRRUDDRCRRUDDRCRRUDDRCRRUDDRCRRUDDRCRRUDDRCRRUDDRCRRUDDRCRRUDDRCRRUDDRCRRUDDRCRRUDDRCRRUDDRCRRUDDRCRRUDDRCRRUDDRCRRUDDRCRRUDDRCRRUDDRCRRUDDRCRR,0,0,0.0,1,1,0,0,6192.210543998954,0,2.9354389989748597,['spatial'],,,,spatial_multi/00001,1,0,151,151,0.0,False,393,7,56.142857142857146,1372.0998403820322,2918.93359375,pre_replay,True,0.0,0,0.0,0,0,0,0,0,0.0,0,0.0,0,0,0,0,0,0.16301291972922627,1,0.0,0,16,50,800,800,0,0,0,0,0,0,2,50,48
1,"Grid 6x6 with obstacles [(0, 4), (1, 5), (2, 2), (2, 5), (5, 4), (5, 5)]. Start (1, 0) goal (3, 1). Respond with moves using U, D, L, R only, no spaces (e.g., UDLR).",RRD,UDRLDRDURULLRDURULDDLUDDL,0,0,0.0,1,1,0,0,344.3282879998151,0,0.10368000221205875,['spatial'],,,,spatial_multi/00002,1,0,151,151,0.0,False,25,3,8.333333333333334,1372.0998403820322,2918.93359375,pre_replay,True,0.0,0,0.0,0,0,0,0,0,0.0,0,0.0,0,0,0,0,0,0.16301291972922627,1,0.0,0,16,50,800,800,0,0,0,0,0,0,2,50,48
2,"Grid 6x6 with obstacles [(0, 4), (1, 5), (2, 2), (2, 5), (5, 4), (5, 5)]. Start (1, 3) goal (1, 4). Respond with moves using U, D, L, R only, no spaces (e.g., UDLR).",D,RLRUURDRDDRLLRDLLURRDDULRDRCUURCDRCUURC,0,0,0.0,1,1,0,0,533.1714940002712,0,0.09611100176698528,['spatial'],,,,spatial_multi/00003,1,0,151,151,0.0,False,35,1,35.0,1372.0998403820322,2918.93359375,pre_replay,True,0.0,0,0.0,0,0,0,0,0,0.0,0,0.0,0,0,0,0,0,0.16301291972922627,1,0.0,0,16,50,800,800,0,0,0,0,0,0,2,50,48
3,"Grid 6x6 with obstacles [(0, 4), (1, 5), (2, 2), (2, 5), (5, 4), (5, 5)]. Start (0, 1) goal (4, 1). Respond with moves using U, D, L, R only, no spaces (e.g., UDLR).",RRRR,URDDLURRDDULRDRLURDRDRCUURUDRCURDDLCRUCRUURRDDRCURRDDRCRLLDRDCURRDDRCRLLDRDRCRLLDRDRCRLLDRDRCRLLDRDRCRLLDRDRCRLLDRDRCRLLDRDRCRLLDRDRCRLLDRDRCRLLDRDRCRLLDRDRCRLLDRDRCRLLDRDRCRLLDRDRCRLLDRDRCRLLDRDRCRLLDRDRCRLLDRDRCRLLDRDRCRLLDRDRCRLLDRDRCRLLDRDRCRLLDRDRCRLLDRDRCRLLDRDRCRLLDRDRCRLLDRDRCRLLDRDRCRLLDRDRCRLLDRDRCRLLDRDRCRLLDRDRCRLLDRDRCRLLDRDRCRLLDRDRCRLLDRDRCRLLDRDRCRLLDRDRCRLLDRDRCRLLDRDRCRLLDRDRCRLLDRDRCRLLDRDRCRLLDRDRCRLL,0,0,0.0,1,1,0,0,6196.328586000163,0,0.09797999882721342,['spatial'],,,,spatial_multi/00004,1,0,151,151,0.0,False,372,4,93.0,1372.0998403820322,2918.93359375,pre_replay,True,0.0,0,0.0,0,0,0,0,0,0.0,0,0.0,0,0,0,0,0,0.16301291972922627,1,0.0,0,16,50,800,800,0,0,0,0,0,0,2,50,48
4,"Grid 6x6 with obstacles [(0, 4), (1, 5), (2, 2), (2, 5), (5, 4), (5, 5)]. Start (3, 0) goal (3, 4). Respond with moves using U, D, L, R only, no spaces (e.g., UDLR).",DDDD,URUDDLUDDLRRDRLRDDRDRCR,0,0,0.0,1,1,0,0,347.83411000171327,0,0.10329100041417405,['spatial'],,,,spatial_multi/00005,1,0,151,151,0.0,False,22,4,5.5,1372.0998403820322,2918.93359375,pre_replay,True,0.0,0,0.0,0,0,0,0,0,0.0,0,0.0,0,0,0,0,0,0.16301291972922627,1,0.0,0,16,50,800,800,0,0,0,0,0,0,2,50,48
5,"Grid 6x6 with obstacles [(0, 4), (1, 5), (2, 2), (2, 5), (5, 4), (5, 5)]. Start (5, 2) goal (2, 0). Respond with moves using U, D, L, R only, no spaces (e.g., UDLR).",LLULU,URULLRDLLURRDDULRLDRDRLURRDDULRLDRDRLURRDDULRLDRDRLURRDDULRLDRDRLURRDDULRLDRDRLURRDDULRLDRDRLURRDDULRLDRDRLURRDDULRLDRDRLURRDDULRLDRDRLURRDDULRLDRDRLURRDDULRLDRDRLURRDDULRLDRDRLURRDDULRLDRDRLURRDDULRLDRDRLURRDDULRLDRDRLURRDDULRLDRDRLURRDDULRLDRDRLURRDDULRLDRDRLURRDDULRLDRDRLURRDDULRLDRDRLURRDDULRLDRDRLURRDDULRLDRDRLURRDDULRLDRDRLURRDDULRLDRDRLURRDDULRLDRDRLURRDDULRLDRDRLURRDDULRLDRDRLURRDDULRLDRDRLURRDDULRLDRDRLURRDDULRLDRDRLURRDDULRLDRDRLURRDDULRLDRDRLURRDDULRLDRDRLURRDDULRLDRDRLURRDDULRLDRDRLURRDDULRLDRDRL,0,0,0.0,1,1,0,0,6216.863433000981,0,0.10395100252935663,['spatial'],,,,spatial_multi/00006,1,0,151,151,0.0,False,513,5,102.6,1372.0998403820322,2918.93359375,pre_replay,True,0.0,0,0.0,0,0,0,0,0,0.0,0,0.0,0,0,0,0,0,0.16301291972922627,1,0.0,0,16,50,800,800,0,0,0,0,0,0,2,50,48
6,"Grid 6x6 with obstacles [(0, 4), (1, 5), (2, 2), (2, 5), (5, 4), (5, 5)]. Start (0, 2) goal (4, 4). Respond with moves using U, D, L, R only, no spaces (e.g., UDLR).",RDRRRD,URUUULDDDLLRLRDDRDRCUURRRD,0,0,0.0,1,1,0,0,371.6697519994341,0,0.1056909968610853,['spatial'],,,,spatial_multi/00007,1,0,151,151,0.0,False,25,6,4.166666666666667,1372.0998403820322,2918.93359375,pre_replay,True,0.0,0,0.0,0,0,0,0,0,0.0,0,0.0,0,0,0,0,0,0.16301291972922627,1,0.0,0,16,50,800,800,0,0,0,0,0,0,2,50,48
7,"Grid 6x6 with obstacles [(0, 4), (1, 5), (2, 2), (2, 5), (5, 4), (5, 5)]. Start (4, 0) goal (5, 0). Respond with moves using U, D, L, R only, no spaces (e.g., UDLR).",R,RLURDLRLRDLLRDRCRRD,0,0,0.0,1,1,0,0,299.45596199831925,0,0.10358099825680256,['spatial'],,,,spatial_multi/00008,1,0,151,151,0.0,False,18,1,18.0,1372.0998403820322,2918.93359375,pre_replay,True,0.0,0,0.0,0,0,0,0,0,0.0,0,0.0,0,0,0,0,0,0.16301291972922627,1,0.0,0,16,50,800,800,0,0,0,0,0,0,2,50,48
8,"Grid 6x6 with obstacles [(0, 4), (1, 5), (2, 2), (2, 5), (5, 4), (5, 5)]. Start (3, 5) goal (4, 3). Respond with moves using U, D, L, R only, no spaces (e.g., UDLR).",RUU,URDDLURRDDLLRDRLUDDRUULURD,0,0,0.0,1,1,0,0,369.3184570001904,0,0.10180100071011111,['spatial'],,,,spatial_multi/00009,1,0,151,151,0.0,False,26,3,8.666666666666666,1372.0998403820322,2918.93359375,pre_replay,True,0.0,0,0.0,0,0,0,0,0,0.0,0,0.0,0,0,0,0,0,0.16301291972922627,1,0.0,0,16,50,800,800,0,0,0,0,0,0,2,50,48
9,"Grid 6x6 with obstacles [(0, 4), (1, 5), (2, 2), (2, 5), (5, 4), (5, 5)]. Start (5, 3) goal (0, 2). Respond with moves using U, D, L, R only, no spaces (e.g., UDLR).",LLLLLU,URUULRDLLRDULLDRDRLRDRCMLRUCRUULRDUMRLRCRDRDRCR,0,0,0.0,1,1,0,0,678.878053000517,0,0.09503099863650277,['spatial'],,,,spatial_multi/00010,1,0,151,151,0.0,False,41,6,6.833333333333333,1372.0998403820322,2918.93359375,pre_replay,True,0.0,0,0.0,0,0,0,0,0,0.0,0,0.0,0,0,0,0,0,0.16301291972922627,1,0.0,0,16,50,800,800,0,0,0,0,0,0,2,50,48
10,"Grid 6x6 with obstacles [(0, 4), (1, 5), (2, 2), (2, 5), (5, 4), (5, 5)]. Start (4, 4) goal (4, 3). Respond with moves using U, D, L, R only, no spaces (e.g., UDLR).",U,RLRDLLDRDURULDRDURUDDRLR,0,0,0.0,1,1,0,0,395.9446269982436,0,0.10372100223321468,['spatial'],,,,spatial_multi/00011,1,0,151,151,0.0,False,24,1,24.0,1372.0998403820322,2918.93359375,pre_replay,True,0.0,0,0.0,0,0,0,0,0,0.0,0,0.0,0,0,0,0,0,0.16301291972922627,1,0.0,0,16,50,800,800,0,0,0,0,0,0,2,50,48
11,"Grid 6x6 with obstacles [(0, 4), (1, 5), (2, 2), (2, 5), (5, 4), (5, 5)]. Start (4, 4) goal (1, 0). Respond with moves using U, D, L, R only, no spaces (e.g., UDLR).",LLLUUUU,UDLRURDDLUULRDRLDRDRLRUURRDDRCUURRDDRCUURRDDRCUURRDDRCUURRDDRCUURRDDRCUURRDDRCUURRDDRCUURRDDRCUURRDDRCUURRDDRCUURRDDRCUURRDDRCUURRDDRCUURRDDRCUURRDDRCUURRDDRCUURRDDRCUURRDDRCUURRDDRCUURRDDRCUURRDDRCUURRDDRCUURRDDRCUURRDDRCUURRDDRCUURRDDRCUURRDDRCUURRDDRCUURRDDRCUURRDDRCUURRDDRCUURRDDRCUURRDDRCUURRDDRCUURRDDRCUURRDDRCUURRDDRCUURRDDRCUURRDDRCUURRDDRCUURRDDRCUURRDDRCUURRDDRCUURRDDRCUURRDDRCUURRDDRCUURRDDRCUURRDDRCUURRDDRCUURRDDRCUURRDDRCUURRDDRCUURRDDRCUURRDDRCUURRDDRCUURRDDRCUURRDDRCUURRDDRCUURRDDRCUURRDDRCU,0,0,0.0,1,1,0,0,6106.823176000034,0,0.09736099673318677,['spatial'],,,,spatial_multi/00012,1,0,151,151,0.0,False,450,7,64.28571428571429,1372.0998403820322,2918.93359375,pre_replay,True,0.0,0,0.0,0,0,0,0,0,0.0,0,0.0,0,0,0,0,0,0.16301291972922627,1,0.0,0,16,50,800,800,0,0,0,0,0,0,2,50,48
12,"Grid 6x6 with obstacles [(0, 4), (1, 5), (2, 2), (2, 5), (5, 4), (5, 5)]. Start (3, 4) goal (5, 2). Respond with moves using U, D, L, R only, no spaces (e.g., UDLR).",RURU,URUDDLUULRDLLRDDL,0,0,0.0,1,1,0,0,274.8306239991507,0,0.10303099770681001,['spatial'],,,,spatial_multi/00013,1,0,151,151,0.0,False,17,4,4.25,1372.0998403820322,2918.93359375,pre_replay,True,0.0,0,0.0,0,0,0,0,0,0.0,0,0.0,0,0,0,0,0,0.16301291972922627,1,0.0,0,16,50,800,800,0,0,0,0,0,0,2,50,48
13,"Grid 6x6 with obstacles [(0, 4), (1, 5), (2, 2), (2, 5), (5, 4), (5, 5)]. Start (5, 2) goal (0, 1). Respond with moves using U, D, L, R only, no spaces (e.g., UDLR).",LLULLL,URDRRDDLUULRDLLURRDDRLURDDRUULRRDRCRUCUURUDRCRUCUURUDRCRUCUURUDRCRUCUURUDRCRUCUURUDRCRUCUURUDRCRUCUURUDRCRUCUURUDRCRUCUURUDRCRUCUURUDRCRUCUURUDRCRUCUURUDRCRUCUURUDRCRUCUURUDRCRUCUURUDRCRUCUURUDRCRUCUURUDRCRUCUURUDRCRUCUURUDRCRUCUURUDRCRUCUURUDRCRUCUURUDRCRUCUURUDRCRUCUURUDRCRUCUURUDRCRUCUURUDRCRUCUURUDRCRUCUURUDRCRUCUURUDRCRUCUURUDRCRUCUURUDRCRUCUURUDRCRUCUURUDRCRUCUURUDRCRUCUURUDRCRUCUURUDRCRUCUURUDRCRUCUURUDRCRUCUURUDRCRUCUURUD,0,0,0.0,1,1,0,0,6475.637166000524,0,0.12245099787833169,['spatial'],,,,spatial_multi/00014,1,0,151,151,0.0,False,353,6,58.833333333333336,1372.0998403820322,2918.93359375,pre_replay,True,0.0,0,0.0,0,0,0,0,0,0.0,0,0.0,0,0,0,0,0,0.16301291972922627,1,0.0,0,16,50,800,800,0,0,0,0,0,0,2,50,48
14,"Grid 6x6 with obstacles [(0, 4), (1, 5), (2, 2), (2, 5), (5, 4), (5, 5)]. Start (1, 0) goal (1, 4). Respond with moves using U, D, L, R only, no spaces (e.g., UDLR).",DDDD,RLDRDRDRLURULURDLRDRLUDRLRUDDLUURRDDLUDDRLURUDDRLRDDRUDDLRURUDDLRRDRLRDRLURDLRDDLUDDRLURUDDRLRDDRUDDLRURUDDLRRDRLRDRLURDLRDDLUDDRLURUDDRLRDDRUDDLRURUDDLRRDRLRDRLURDLRDDLUDDRLURUDDRLRDDRUDDLRURUDDLRRDRLRDRLURDLRDDLUDDRLURUDDRLRDDRUDDLRURUDDLRRDRLRDRLURDLRDDLUDDRLURUDDRLRDDRUDDLRURUDDLRRDRLRDRLURDLRDDLUDDRLURUDDRLRDDRUDDLRURUDDLRRDRLRDRLURDLRDDLUDDRLURUDDRLRDDRUDDLRURUDDLRRDRLRDRLURDLRDDLUDDRLURUDDRLRDDRUDDLRURUDDLRRDRLRDRLURDLRDDLUDDRLURUDDRLRDDRUDDLRURUDDLRRDRLRDRLURDLRDDLUDDRLURUDDRLRDDRUDDLRURUDDLRRDRLRD,0,0,0.0,1,1,0,0,6328.974366002512,0,0.10667099923011847,['spatial'],,,,spatial_multi/00015,1,0,151,151,0.0,False,511,4,127.75,1372.0998403820322,2918.93359375,pre_replay,True,0.0,0,0.0,0,0,0,0,0,0.0,0,0.0,0,0,0,0,0,0.16301291972922627,1,0.0,0,16,50,800,800,0,0,0,0,0,0,2,50,48
15,"Grid 6x6 with obstacles [(0, 4), (1, 5), (2, 2), (2, 5), (5, 4), (5, 5)]. Start (3, 1) goal (1, 1). Respond with moves using U, D, L, R only, no spaces (e.g., UDLR).",LL,URDLLRDLLDRULLRDRLULURUDRLRUDDRCUDDRCRDLRCRDLRCRDLRCRDLRCRDLRCRDLRCRDLRCRDLRCRDLRCRDLRCRDLRCRDLRCRDLRCRDLRCRDLRCRDLRCRDLRCRDLRCRDLRCRDLRCRDLRCRDLRCRDLRCRDLRCRDLRCRDLRCRDLRCRDLRCRDLRCRDLRCRDLRCRDLRCRDLRCRDLRCRDLRCRDLRCRDLRCRDLRCRDLRCRDLRCRDLRCRDLRCRDLRCRDLRCRDLRCRDLRCRDLRCRDLRCRDLRCRDLRCRDLRCRDLRCRDLRCRDLRCRDLRCRDLRCRDLRCRDLRCRDLRCRDLRCRDLRCRDLRCRDLRCRDLRCRDLRCRDLRCRDLRCRDLRCRDLRCRDLRCRDLRCRDLRCRDLRCRDLRCRDLRCRDLRCRDLRCRDLRCRDLRCR,0,0,0.0,1,1,0,0,6349.186000999907,0,0.10486999963177368,['spatial'],,,,spatial_multi/00016,1,0,151,151,0.0,False,352,2,176.0,1372.0998403820322,2918.93359375,pre_replay,True,0.0,0,0.0,0,0,0,0,0,0.0,0,0.0,0,0,0,0,0,0.16301291972922627,1,0.0,0,16,50,800,800,0,0,0,0,0,0,2,50,48
16,"Grid 6x6 with obstacles [(0, 4), (1, 5), (2, 2), (2, 5), (5, 4), (5, 5)]. Start (5, 2) goal (3, 3). Respond with moves using U, D, L, R only, no spaces (e.g., UDLR).",LLD,URRUULRDLLDDRDRDDRLRDDRRD,0,0,0.0,1,1,0,0,349.1279170011694,0,0.10254999870085157,['spatial'],,,,spatial_multi/00017,1,0,151,151,0.0,False,25,3,8.333333333333334,1372.0998403820322,2918.93359375,pre_replay,True,0.0,0,0.0,0,0,0,0,0,0.0,0,0.0,0,0,0,0,0,0.16301291972922627,1,0.0,0,16,50,800,800,0,0,0,0,0,0,2,50,48
17,"Grid 6x6 with obstacles [(0, 4), (1, 5), (2, 2), (2, 5), (5, 4), (5, 5)]. Start (2, 0) goal (2, 4). Respond with moves using U, D, L, R only, no spaces (e.g., UDLR).",LDDDRD,URRUURRDDLLRDRLRDRCUURD,0,0,0.0,1,1,0,0,345.43275400210405,0,0.10494099842617288,['spatial'],,,,spatial_multi/00018,1,0,151,151,0.0,False,22,6,3.6666666666666665,1372.0998403820322,2918.93359375,pre_replay,True,0.0,0,0.0,0,0,0,0,0,0.0,0,0.0,0,0,0,0,0,0.16301291972922627,1,0.0,0,16,50,800,800,0,0,0,0,0,0,2,50,48
18,"Grid 6x6 with obstacles [(0, 4), (1, 5), (2, 2), (2, 5), (5, 4), (5, 5)]. Start (1, 1) goal (4, 3). Respond with moves using U, D, L, R only, no spaces (e.g., UDLR).",RRRDD,URDRRLUDDLUDDRUCRCU,0,0,0.0,1,1,0,0,297.5563189975219,0,0.10022099741036072,['spatial'],,,,spatial_multi/00019,1,0,151,151,0.0,False,17,5,3.4,1372.0998403820322,2918.93359375,pre_replay,True,0.0,0,0.0,0,0,0,0,0,0.0,0,0.0,0,0,0,0,0,0.16301291972922627,1,0.0,0,16,50,800,800,0,0,0,0,0,0,2,50,48
19,"Grid 6x6 with obstacles [(0, 4), (1, 5), (2, 2), (2, 5), (5, 4), (5, 5)]. Start (2, 3) goal (2, 1). Respond with moves using U, D, L, R only, no spaces (e.g., UDLR).",LUUR,RLRDDULRDLLRDRCURCDRCUDDLCURRCRCLDRDRCUDDLCURRCRCLDRD,0,0,0.0,1,1,0,0,760.9822250014986,0,0.10201999975834042,['spatial'],,,,spatial_multi/00020,1,0,151,151,0.0,False,43,4,10.75,1372.0998403820322,2918.93359375,pre_replay,True,0.0,0,0.0,0,0,0,0,0,0.0,0,0.0,0,0,0,0,0,0.16301291972922627,1,0.0,0,16,50,800,800,0,0,0,0,0,0,2,50,48
20,"Grid 6x6 with obstacles [(0, 4), (1, 5), (2, 2), (2, 5), (5, 4), (5, 5)]. Start (5, 0) goal (1, 1). Respond with moves using U, D, L, R only, no spaces (e.g., UDLR).",LLLLD,URDDLURRDDLUULRDRLURDDRUULRDRLURDDRURDRLURDDRUULRDRLURDDD,0,0,0.0,1,1,0,0,720.7392580021406,0,0.10466000094311312,['spatial'],,,,spatial_multi/00021,1,0,151,151,0.0,False,57,5,11.4,1372.0998403820322,2918.93359375,pre_replay,True,0.0,0,0.0,0,0,0,0,0,0.0,0,0.0,0,0,0,0,0,0.16301291972922627,1,0.0,0,16,50,800,800,0,0,0,0,0,0,2,50,48
21,"Grid 6x6 with obstacles [(0, 4), (1, 5), (2, 2), (2, 5), (5, 4), (5, 5)]. Start (1, 2) goal (0, 2). Respond with moves using U, D, L, R only, no spaces (e.g., UDLR).",L,RLRUURDRULRDLLURRDDRLRUDDRLUDDRCRRR,0,0,0.0,1,1,0,0,489.7019239979272,0,0.10408099842607044,['spatial'],,,,spatial_multi/00022,1,0,151,151,0.0,False,34,1,34.0,1372.0998403820322,2918.93359375,pre_replay,True,0.0,0,0.0,0,0,0,0,0,0.0,0,0.0,0,0,0,0,0,0.16301291972922627,1,0.0,0,16,50,800,800,0,0,0,0,0,0,2,50,48
22,"Grid 6x6 with obstacles [(0, 4), (1, 5), (2, 2), (2, 5), (5, 4), (5, 5)]. Start (4, 3) goal (4, 4). Respond with moves using U, D, L, R only, no spaces (e.g., UDLR).",D,URURURDDDRRDDLUULRDRLRDRCRRUCUCCUCLCRCLR,0,0,0.0,1,1,0,0,534.5748310028284,0,0.10267100151395425,['spatial'],,,,spatial_multi/00023,1,0,151,151,0.0,False,33,1,33.0,1372.0998403820322,2918.93359375,pre_replay,True,0.0,0,0.0,0,0,0,0,0,0.0,0,0.0,0,0,0,0,0,0.16301291972922627,1,0.0,0,16,50,800,800,0,0,0,0,0,0,2,50,48
23,"Grid 6x6 with obstacles [(0, 4), (1, 5), (2, 2), (2, 5), (5, 4), (5, 5)]. Start (4, 3) goal (5, 3). Respond with moves using U, D, L, R only, no spaces (e.g., UDLR).",R,URDLLRUDDULRDRLRDDLUURULLDRDRLRUDDURDDRRCRRURRDDLURUDDLRRRDDLURURRDDLLURRRDDLUURRURRDDLLURRRRDDLLURRRRDDLLURRRRDDLLURRRRDDLLURRRRDDLLURRRRDDLLURRRRDDLLURRRRDDLLURRRRDDLLURRRRDDLLURRRRDDLLURRRRDDLLURRRRDDLLURRRRDDLLURRRRDDLLURRRRDDLLURRRRDDLLURRRRDDLLURRRRDDLLURRRRDDLLURRRRDDLLURRRRDDLLURRRRDDLLURRRRDDLLURRRRDDLLURRRRDDLLURRRRDDLLURRRRDDLLURRRRDDLLURRRRDDLLURRRRDDLLURRRRDDLLURRRRDDLLURRRRDDLLURRRRDDLLURRRRDDLLURRRRDDLLURRRRDDLLURRRRDDLLURRRRDDLLURRRRDDLLURRRRDDLLURRRRDDLLURRRRDDLLURRRRDDLLURRRRDDLLURRRRDDLLURRRRDDLLURRRRDDLLURRRRDDLLURRRRDDLLURRRRDDLLURRRRDDLLURRR,0,0,0.0,1,1,0,0,6236.211473998992,0,0.09873999806586653,['spatial'],,,,spatial_multi/00024,1,0,151,151,0.0,False,568,1,568.0,1372.0998403820322,2918.93359375,pre_replay,True,0.0,0,0.0,0,0,0,0,0,0.0,0,0.0,0,0,0,0,0,0.16301291972922627,1,0.0,0,16,50,800,800,0,0,0,0,0,0,2,50,48
24,"Grid 6x6 with obstacles [(0, 4), (1, 5), (2, 2), (2, 5), (5, 4), (5, 5)]. Start (1, 0) goal (2, 4). Respond with moves using U, D, L, R only, no spaces (e.g., UDLR).",DDDRD,UDRLRDURULLDRDRLRDDLLRUDDURUDDRLRDRLRURULURRDDLUDDRLRDRLRURULURRDDLUDDRLRDRLRURULURRDDLUDDRLRDRLRURULURRDDLUDDRLRDRLRURULURRDDLUDDRLRDRLRURULURRDDLUDDRLRDRLRURULURRDDLUDDRLRDRLRURULURRDDLUDDRLRDRLRURULURRDDLUDDRLRDRLRURULURRDDLUDDRLRDRLRURULURRDDLUDDRLRDRLRURULURRDDLUDDRLRDRLRURULURRDDLUDDRLRDRLRURULURRDDLUDDRLRDRLRURULURRDDLUDDRLRDRLRURULURRDDLUDDRLRDRLRURULURRDDLUDDRLRDRLRURULURRDDLUDDRLRDRLRURULURRDDLUDDRLRDRLRURULURRDDLUDDRLRDRLRURULURRDDLUDDRLRDRLRURULURRDDLUDDRLRDRLRURULURRDDLUDDRLRDRLRURULURRDDLUDDRL,0,0,0.0,1,1,0,0,6124.939211997116,0,0.10390099851065315,['spatial'],,,,spatial_multi/00025,1,0,151,151,0.0,False,512,5,102.4,1372.0998403820322,2918.93359375,pre_replay,True,0.0,0,0.0,0,0,0,0,0,0.0,0,0.0,0,0,0,0,0,0.16301291972922627,1,0.0,0,16,50,800,800,0,0,0,0,0,0,2,50,48
25,"Grid 6x6 with obstacles [(0, 4), (1, 5), (2, 2), (2, 5), (5, 4), (5, 5)]. Start (0, 2) goal (3, 2). Respond with moves using U, D, L, R only, no spaces (e.g., UDLR).",RURRD,RLURDRLLRDRLRUULURUDDLUDDRLRRRDDRUURURRDDRLRRRDDRLRRRDDRLRRRDDRLRRRDDRLRRRDDRLRRRDDRLRRRDDRLRRRDDRLRRRDDRLRRRDDRLRRRDDRLRRRDDRLRRRDDRLRRRDDRLRRRDDRLRRRDDRLRRRDDRLRRRDDRLRRRDDRLRRRDDRLRRRDDRLRRRDDRLRRRDDRLRRRDDRLRRRDDRLRRRDDRLRRRDDRLRRRDDRLRRRDDRLRRRDDRLRRRDDRLRRRDDRLRRRDDRLRRRDDRLRRRDDRLRRRDDRLRRRDDRLRRRDDRLRRRDDRLRRRDDRLRRRDDRLRRRDDRLRRRDDRLRRRDDRLRRRDDRLRRRDDRLRRRDDRLRRRDDRLRRRDDRLRRRDDRLRRRDDRLRRRDDRLRRRDDRLRRRDDRLRRRDDRLRRRDDRLRRRDDRLRRRDDRLRRRDDRLRRRDDRLRRRDDRLRRRDDRLRRRDDRLRRRDDRLRRRDDRLRRRDDRLRRRDDRLRRRDDRLRRRDDRLRRRDDRLRRRDDRLRRRDDRLRRRDDRLRRRDDRLRRRDDRLRRRDDRLRRRDDRLRRRDDRLRR,0,0,0.0,1,1,0,0,6228.086905000964,0,0.10273999942000955,['spatial'],,,,spatial_multi/00026,1,0,151,151,0.0,False,591,5,118.2,1372.0998403820322,2918.93359375,pre_replay,True,0.0,0,0.0,0,0,0,0,0,0.0,0,0.0,0,0,0,0,0,0.16301291972922627,1,0.0,0,16,50,800,800,0,0,0,0,0,0,2,50,48
26,"Grid 6x6 with obstacles [(0, 4), (1, 5), (2, 2), (2, 5), (5, 4), (5, 5)]. Start (4, 4) goal (2, 4). Respond with moves using U, D, L, R only, no spaces (e.g., UDLR).",LL,URRRDULDRLLRDRLRUDDRCUURRDDRCRDRRLRDRCRURRDDRCRURRDDRCRURRDDRCRURRDDRCRURRDDRCRURRDDRCRURRDDRCRURRDDRCRURRDDRCRURRDDRCRURRDDRCRURRDDRCRURRDDRCRURRDDRCRURRDDRCRURRDDRCRURRDDRCRURRDDRCRURRDDRCRURRDDRCRURRDDRCRURRDDRCRURRDDRCRURRDDRCRURRDDRCRURRDDRCRURRDDRCRURRDDRCRURRDDRCRURRDDRCRURRDDRCRURRDDRCRURRDDRCRURRDDRCRURRDDRCRURRDDRCRURRDDRCRURRDDRCRURRDDRCRURRDDRCRURRDDRCRURRDDRCRURRDDRCRURRDDRCRURRDDRCRURRDDRCRURRDDRCRURRDDRCRURRDDRCRURRDDRCRURRDDRCRURRDDRCRURRDDRCRURRDDRCRURRDDRCRURRDDRCRURRDDRCRURRDDRCRURRDDRC,0,0,0.0,1,1,0,0,6288.604098997894,0,0.11187100244569592,['spatial'],,,,spatial_multi/00027,1,0,151,151,0.0,False,448,2,224.0,1372.0998403820322,2918.93359375,pre_replay,True,0.0,0,0.0,0,0,0,0,0,0.0,0,0.0,0,0,0,0,0,0.16301291972922627,1,0.0,0,16,50,800,800,0,0,0,0,0,0,2,50,48
27,"Grid 6x6 with obstacles [(0, 4), (1, 5), (2, 2), (2, 5), (5, 4), (5, 5)]. Start (1, 3) goal (3, 3). Respond with moves using U, D, L, R only, no spaces (e.g., UDLR).",RR,URDDLURRDDULRDRLRDRCRUCUURURUDDRCRUCUURUDRCRUCUURUDDRCRUCUURURRDDRCRUCUURUDDRCRUCUURUDDRCRUCUURURRDDRCRUCUURUDDRCRUCUURURRDDRCRUCUURUDDRCRUCUURURRDDRCRUCUURUDDRCRUCUURURRDDRCRUCUURUDDRCRUCUURURRDDRCRUCUURUDDRCRUCUURURRDDRCRUCUURUDDRCRUCUURURRDDRCRUCUURUDDRCRUCUURURRDDRCRUCUURUDDRCRUCUURURRDDRCRUCUURUDDRCRUCUURURRDDRCRUCUURUDDRCRUCUURURRDDRCRUCUURUDDRCRUCUURURRDDRCRUCUURUDDRCRUCUURURRDDRCRUCUURUDDRCRUCUURURRDDRCRUCUURUDDRCRUCUURURRDDRCRUC,0,0,0.0,1,1,0,0,6339.379047996772,0,0.10262000068905763,['spatial'],,,,spatial_multi/00028,1,0,151,151,0.0,False,369,2,184.5,1372.0998403820322,2918.93359375,pre_replay,True,0.0,0,0.0,0,0,0,0,0,0.0,0,0.0,0,0,0,0,0,0.16301291972922627,1,0.0,0,16,50,800,800,0,0,0,0,0,0,2,50,48
28,"Grid 6x6 with obstacles [(0, 4), (1, 5), (2, 2), (2, 5), (5, 4), (5, 5)]. Start (4, 3) goal (4, 5). Respond with moves using U, D, L, R only, no spaces (e.g., UDLR).",DD,RDLDRLURDRDRLURDDRCRUCUURURDRCRUCUURRDDRCRUCUURDDRCRUCUURDRCRUCUURRDDRCRUCUURDRCRUCUURDDRCRUCUURD,0,0,0.0,1,1,0,0,1482.9761369983316,0,0.10209099855273962,['spatial'],,,,spatial_multi/00029,1,0,151,151,0.0,False,81,2,40.5,1372.0998403820322,2918.93359375,pre_replay,True,0.0,0,0.0,0,0,0,0,0,0.0,0,0.0,0,0,0,0,0,0.16301291972922627,1,0.0,0,16,50,800,800,0,0,0,0,0,0,2,50,48
29,"Grid 6x6 with obstacles [(0, 4), (1, 5), (2, 2), (2, 5), (5, 4), (5, 5)]. Start (5, 2) goal (1, 4). Respond with moves using U, D, L, R only, no spaces (e.g., UDLR).",LLDLLD,URDDLRLRDLLRDDRRD,0,0,0.0,1,1,0,0,262.2682330002135,0,0.1163099987024907,['spatial'],,,,spatial_multi/00030,1,0,151,151,0.0,False,17,6,2.8333333333333335,1372.0998403820322,2918.93359375,pre_replay,True,0.0,0,0.0,0,0,0,0,0,0.0,0,0.0,0,0,0,0,0,0.16301291972922627,1,0.0,0,16,50,800,800,0,0,0,0,0,0,2,50,48
30,"Grid 6x6 with obstacles [(0, 4), (1, 5), (2, 2), (2, 5), (5, 4), (5, 5)]. Start (3, 5) goal (4, 4). Respond with moves using U, D, L, R only, no spaces (e.g., UDLR).",RU,URULLDRDULRLRDLLURRDDRLRUDDLUDDLURRDDRUDDLRUCRRRCUURRCRUCRRCCUURRCRUCRRRCUURRCRUCRRRCUURRCRUCRRRCUURRCRUCRRRCUURRCRUCRRRCUURRCRUCRRRCUURRCRUCRRRCUURRCRUCRRRCUURRCRUCRRRCUURRCRUCRRRCUURRCRUCRRRCUURRCRUCRRRCUURRCRUCRRRCUURRCRUCRRRCUURRCRUCRRRCUURRCRUCRRRCUURRCRUCRRRCUURRCRUCRRRCUURRCRUCRRRCUURRCRUCRRRCUURRCRUCRRRCUURRCRUCRRRCUURRCRUCRRRCUURRCRUCRRRCUURRCRUCRRRCUURRCRUCRRRCUURRCRUCRRRCUURRCRUCRRRCUURRCRUCRRRCUURRCRUCRRRCUURRCRUCRRRCUURRCRUCRRRCUUR,0,0,0.0,1,1,0,0,6211.5737489984895,0,0.10979100261465646,['spatial'],,,,spatial_multi/00031,1,0,151,151,0.0,False,346,2,173.0,1372.0998403820322,2918.93359375,pre_replay,True,0.0,0,0.0,0,0,0,0,0,0.0,0,0.0,0,0,0,0,0,0.16301291972922627,1,0.0,0,16,50,800,800,0,0,0,0,0,0,2,50,48
31,"Grid 6x6 with obstacles [(0, 4), (1, 5), (2, 2), (2, 5), (5, 4), (5, 5)]. Start (3, 4) goal (3, 5). Respond with moves using U, D, L, R only, no spaces (e.g., UDLR).",D,RLRUURDDRDLLURRDDRLRDDRLR,0,0,0.0,1,1,0,0,344.9762499985809,0,0.10355099948355928,['spatial'],,,,spatial_multi/00032,1,0,151,151,0.0,False,25,1,25.0,1372.0998403820322,2918.93359375,pre_replay,True,0.0,0,0.0,0,0,0,0,0,0.0,0,0.0,0,0,0,0,0,0.16301291972922627,1,0.0,0,16,50,800,800,0,0,0,0,0,0,2,50,48
32,"Grid 6x6 with obstacles [(0, 4), (1, 5), (2, 2), (2, 5), (5, 4), (5, 5)]. Start (4, 1) goal (3, 3). Respond with moves using U, D, L, R only, no spaces (e.g., UDLR).",LDD,RLURDLRLRUDDRCRDRCR,0,0,0.0,1,1,0,0,299.7432009979093,0,0.09580999903846532,['spatial'],,,,spatial_multi/00033,1,0,151,151,0.0,False,17,3,5.666666666666667,1372.0998403820322,2918.93359375,pre_replay,True,0.0,0,0.0,0,0,0,0,0,0.0,0,0.0,0,0,0,0,0,0.16301291972922627,1,0.0,0,16,50,800,800,0,0,0,0,0,0,2,50,48
33,"Grid 6x6 with obstacles [(0, 4), (1, 5), (2, 2), (2, 5), (5, 4), (5, 5)]. Start (5, 3) goal (1, 0). Respond with moves using U, D, L, R only, no spaces (e.g., UDLR).",LLLLUUU,URDULRDRLRUDDLUURRDDLLDRUDDRUDDLURRDDRLRRRDDLLRRRDDLLURDDLRRDDLLURDDRLLRRRDDLLUDDLUUUDDRRRDDLLURRDDRLRDDLURRDDLLRRRDDLLLURRDDLLURRDDLLURRDDRRRDDLLURRDDLLURRDDLLURRDDRRRDDLLURRDDLLURRDDLLURRDDRRRDDLLURRDDLLURRDDLLURRDDRRRDDLLURRDDLLURRDDLLURRDDRRRDDLLURRDDLLURRDDLLURRDDRRRDDLLURRDDLLURRDDLLURRDDRRRDDLLURRDDLLURRDDLLURRDDRRRDDLLURRDDLLURRDDLLURRDDRRRDDLLURRDDLLURRDDLLURRDDRRRDDLLURRDDLLURRDDLLURRDDRRRDDLLURRDDLLURRDDLLURRDDRRRDDLLURRDDLLURRDDLLURRDDRRRDDLLURRDDLLURRDDLLURRDDRRRDDLLURRDDLLURRDDLLURRDDRRRDDLLURRDDLLURRDDLLURRDDRRRDDLLURRDDLLURRDDLLURRDDRRRDDLLURRDDLLURRDDLLURRDDRRRDDLLURRDDLLUR,0,0,0.0,1,1,0,0,6156.086972001503,0,0.10865099829970859,['spatial'],,,,spatial_multi/00034,1,0,151,151,0.0,False,597,7,85.28571428571429,1372.0998403820322,2918.93359375,pre_replay,True,0.0,0,0.0,0,0,0,0,0,0.0,0,0.0,0,0,0,0,0,0.16301291972922627,1,0.0,0,16,50,800,800,0,0,0,0,0,0,2,50,48
34,"Grid 6x6 with obstacles [(0, 4), (1, 5), (2, 2), (2, 5), (5, 4), (5, 5)]. Start (4, 2) goal (0, 0). Respond with moves using U, D, L, R only, no spaces (e.g., UDLR).",LULLLU,UDRUURDLLDDRDRLRDDLUULURRDDLUUURRDDLUUUURRDDLUUUURRDDLUUUURRDDLUUUURRDDLUUUURRDDLUUUURRDDLUUUURRDDLUUUURRDDLUUUURRDDLUUUURRDDLUUUURRDDLUUUURRDDLUUUURRDDLUUUURRDDLUUUURRDDLUUUURRDDLUUUURRDDLUUUURRDDLUUUURRDDLUUUURRDDLUUUURRDDLUUUURRDDLUUUURRDDLUUUURRDDLUUUURRDDLUUUURRDDLUUUURRDDLUUUURRDDLUUUURRDDLUUUURRDDLUUUURRDDLUUUURRDDLUUUURRDDLUUUURRDDLUUUURRDDLUUUURRDDLUUUURRDDLUUUURRDDLUUUURRDDLUUUURRDDLUUUURRDDLUUUURRDDLUUUURRDDLUUUURRDDLUUUURRDDLUUUURRDDLUUUURRDDLUUUURRDDLUUUURRDDLUUUURRDDLUUUURRDDLUUUURRDDLUUUURRDDLUUUURRDDLUUUURRDDLUUUURRDDLUUUURRDDLUUUURRDDLUUUURRDDLUUUURRDD,0,0,0.0,1,1,0,0,6232.849078001891,0,0.10811100219143555,['spatial'],,,,spatial_multi/00035,1,0,151,151,0.0,False,575,6,95.83333333333333,1372.0998403820322,2918.93359375,pre_replay,True,0.0,0,0.0,0,0,0,0,0,0.0,0,0.0,0,0,0,0,0,0.16301291972922627,1,0.0,0,16,50,800,800,0,0,0,0,0,0,2,50,48
35,"Grid 6x6 with obstacles [(0, 4), (1, 5), (2, 2), (2, 5), (5, 4), (5, 5)]. Start (4, 1) goal (1, 2). Respond with moves using U, D, L, R only, no spaces (e.g., UDLR).",LLLD,RLURDLRDLLURRCRDCR,0,0,0.0,1,1,0,0,314.9275080031657,0,0.12443100058590062,['spatial'],,,,spatial_multi/00036,1,0,151,151,0.0,False,16,4,4.0,1372.0998403820322,2918.93359375,pre_replay,True,0.0,0,0.0,0,0,0,0,0,0.0,0,0.0,0,0,0,0,0,0.16301291972922627,1,0.0,0,16,50,800,800,0,0,0,0,0,0,2,50,48
36,"Grid 6x6 with obstacles [(0, 4), (1, 5), (2, 2), (2, 5), (5, 4), (5, 5)]. Start (5, 3) goal (1, 4). Respond with moves using U, D, L, R only, no spaces (e.g., UDLR).",LLLLD,URDLLRDLLRDULLDRULURUDRLRDDRUDDLUURDRLRDRCRCLCRCLR,0,0,0.0,1,1,0,0,640.2584620009293,0,0.10350100274081342,['spatial'],,,,spatial_multi/00037,1,0,151,151,0.0,False,46,5,9.2,1372.0998403820322,2918.93359375,pre_replay,True,0.0,0,0.0,0,0,0,0,0,0.0,0,0.0,0,0,0,0,0,0.16301291972922627,1,0.0,0,16,50,800,800,0,0,0,0,0,0,2,50,48
37,"Grid 6x6 with obstacles [(0, 4), (1, 5), (2, 2), (2, 5), (5, 4), (5, 5)]. Start (3, 4) goal (0, 2). Respond with moves using U, D, L, R only, no spaces (e.g., UDLR).",LLULU,RLDRURULLDLDLURRDDULRDRCUURURUCRDRCRUURUDRCRUURUDRCRUURUDRCRUURUDRCRUURUDRCRUURUDRCRUURUDRCRUURUDRCRUURUDRCRUURUDRCRUURUDRCRUURUDRCRUURUDRCRUURUDRCRUURUDRCRUURUDRCRUURUDRCRUURUDRCRUURUDRCRUURUDRCRUURUDRCRUURUDRCRUURUDRCRUURUDRCRUURUDRCRUURUDRCRUURUDRCRUURUDRCRUURUDRCRUURUDRCRUURUDRCRUURUDRCRUURUDRCRUURUDRCRUURUDRCRUURUDRCRUURUDRCRUURUDRCRUURUDRCRUURUDRCRUURUDRCRUURUDRCRUURUDRCRUURUDRCRUURUDRCRUURUDRCRUURUDRCRUURUDRCRUURUDRCRUURUDRCRUURUDRCRUURUDRCRUURUDRCRUURUDRCRUURUDRCRUURUDRCRUURUDRCRUURUDRCRUURUDRCRUUR,0,0,0.0,1,1,0,0,6388.244704998215,0,0.1512710005044937,['spatial'],,,,spatial_multi/00038,1,0,151,151,0.0,False,449,5,89.8,1372.0998403820322,2918.93359375,pre_replay,True,0.0,0,0.0,0,0,0,0,0,0.0,0,0.0,0,0,0,0,0,0.16301291972922627,1,0.0,0,16,50,800,800,0,0,0,0,0,0,2,50,48
38,"Grid 6x6 with obstacles [(0, 4), (1, 5), (2, 2), (2, 5), (5, 4), (5, 5)]. Start (0, 3) goal (5, 3). Respond with moves using U, D, L, R only, no spaces (e.g., UDLR).",RRRRR,URUURDDLUULRDRLRRDRLRUURRDDLLURRDDLLRDRLRUUUURRDDLLRLRDDRRDRLRUURRDDLLRLRDDRRDRLRUURRDDLLRLRDDRRDRLRUURRDDLLRLRDDRRDRLRUURRDDLLRLRDDRRDRLRUURRDDLLRLRDDRRDRLRUURRDDLLRLRDDRRDRLRUURRDDLLRLRDDRRDRLRUURRDDLLRLRDDRRDRLRUURRDDLLRLRDDRRDRLRUURRDDLLRLRDDRRDRLRUURRDDLLRLRDDRRDRLRUURRDDLLRLRDDRRDRLRUURRDDLLRLRDDRRDRLRUURRDDLLRLRDDRRDRLRUURRDDLLRLRDDRRDRLRUURRDDLLRLRDDRRDRLRUURRDDLLRLRDDRRDRLRUURRDDLLRLRDDRRDRLRUURRDDLLRLRDDRRDRLRUURRDDLLRLRDDRRDRLRUURRDDLLRLRDDRRDRLRUURRDDLLRLRDDRRDRLRUURRDDLLRLRDDRRDRLRUURRDDLLRLRDDRRDRLRUURRDDLLRLRDDRRDRLRU,0,0,0.0,1,1,0,0,6372.364200000447,0,0.11006099884980358,['spatial'],,,,spatial_multi/00039,1,0,151,151,0.0,False,538,5,107.6,1372.0998403820322,2918.93359375,pre_replay,True,0.0,0,0.0,0,0,0,0,0,0.0,0,0.0,0,0,0,0,0,0.16301291972922627,1,0.0,0,16,50,800,800,0,0,0,0,0,0,2,50,48
39,"Grid 6x6 with obstacles [(0, 4), (1, 5), (2, 2), (2, 5), (5, 4), (5, 5)]. Start (4, 4) goal (3, 0). Respond with moves using U, D, L, R only, no spaces (e.g., UDLR).",LUUUU,RLRUURDDLLRDLLDRULRRRDDLLRDLLDRUURRUULDDRDDRLRDDLLRDLLDRUURRUULDDRDDRLRDDLLRDLLDRUURRUULDDRDDRLRDDLLRDLLDRUURRUULDDRDDRLRDDLLRDLLDRUURRUULDDRDDRLRDDLLRDLLDRUURRUULDDRDDRLRDDLLRDLLDRUURRUULDDRDDRLRDDLLRDLLDRUURRUULDDRDDRLRDDLLRDLLDRUURRUULDDRDDRLRDDLLRDLLDRUURRUULDDRDDRLRDDLLRDLLDRUURRUULDDRDDRLRDDLLRDLLDRUURRUULDDRDDRLRDDLLRDLLDRUURRUULDDRDDRLRDDLLRDLLDRUURRUULDDRDDRLRDDLLRDLLDRUURRUULDDRDDRLRDDLLRDLLDRUURRUULDDRDDRLRDDLLRDLLDRUURRUULDDRDDRLRDDLLRDLLDRUURRUULDDRDDRLRDDLLRDLLDRUURRUULDDRDDRLRDDLLRDLLDRUURRUULDDRDDRLRDDLLRDLLDRU,0,0,0.0,1,1,0,0,6367.565967000701,0,0.10921099965344183,['spatial'],,,,spatial_multi/00040,1,0,151,151,0.0,False,532,5,106.4,1372.0998403820322,2918.93359375,pre_replay,True,0.0,0,0.0,0,0,0,0,0,0.0,0,0.0,0,0,0,0,0,0.16301291972922627,1,0.0,0,16,50,800,800,0,0,0,0,0,0,2,50,48
40,"Grid 6x6 with obstacles [(0, 4), (1, 5), (2, 2), (2, 5), (5, 4), (5, 5)]. Start (0, 0) goal (4, 1). Respond with moves using U, D, L, R only, no spaces (e.g., UDLR).",RRRRD,UDRLDRDURULLRDLLRDRLRUULURRDDRCUURUCUUURDDRCRCLRRULUURRDDRCRCLRRULUURRDDRCRCLRRULUURRDDRCRCLRRULUURRDDRCRCLRRULUURRDDRCRCLRRULUURRDDRCRCLRRULUURRDDRCRCLRRULUURRDDRCRCLRRULUURRDDRCRCLRRULUURRDDRCRCLRRULUURRDDRCRCLRRULUURRDDRCRCLRRULUURRDDRCRCLRRULUURRDDRCRCLRRULUURRDDRCRCLRRULUURRDDRCRCLRRULUURRDDRCRCLRRULUURRDDRCRCLRRULUURRDDRCRCLRRULUURRDDRCRCLRRULUURRDDRCRCLRRULUURRDDRCRCLRRULUURRDDRCRCLRRULUURRDDRCRCLRRULUURRDDRCRCLRRULUURRDDRCRCLRRULUURRDDRCRCLRRULUURRDDRCRCLRRULUURRDDRCRCL,0,0,0.0,1,1,0,0,6347.445275001519,0,0.10544099859544076,['spatial'],,,,spatial_multi/00041,1,0,151,151,0.0,False,420,5,84.0,1372.0998403820322,2918.93359375,pre_replay,True,0.0,0,0.0,0,0,0,0,0,0.0,0,0.0,0,0,0,0,0,0.16301291972922627,1,0.0,0,16,50,800,800,0,0,0,0,0,0,2,50,48
41,"Grid 6x6 with obstacles [(0, 4), (1, 5), (2, 2), (2, 5), (5, 4), (5, 5)]. Start (1, 1) goal (5, 0). Respond with moves using U, D, L, R only, no spaces (e.g., UDLR).",RRRRU,UDLURRLDRDURRDDRUDDRDRLRRDURRDDRUDDRDRLRRDURRDDRUDDRDRLRR,0,0,0.0,1,1,0,0,763.9240790012991,0,0.10345099872210994,['spatial'],,,,spatial_multi/00042,1,0,151,151,0.0,False,57,5,11.4,1372.0998403820322,2918.93359375,pre_replay,True,0.0,0,0.0,0,0,0,0,0,0.0,0,0.0,0,0,0,0,0,0.16301291972922627,1,0.0,0,16,50,800,800,0,0,0,0,0,0,2,50,48
42,"Grid 6x6 with obstacles [(0, 4), (1, 5), (2, 2), (2, 5), (5, 4), (5, 5)]. Start (4, 0) goal (4, 4). Respond with moves using U, D, L, R only, no spaces (e.g., UDLR).",DDDD,URUURRDDLLRDULLDRRLDDLUULRRRDDUUURRUDDRLRDRLDDRRCRRCRCCRCRCRCRRCRCCRCRRCRCCCRCRCRCRRCRCCRCRRCRCCCRCRCRCRRCRCCRCRRCRCCCRCRCRCRRCRCCRCRRCRCCCRCRCRCRRCRCCRCRRCRCCCRCRCRCRRCRCCRCRRCRCCCRCRCRCRRCRCCRCRRCRCCCRCRCRCRRCRCCRCRRCRCCCRCRCRCRRCRCCRCRRCRCCCRCRCRCRRCRCCRCRRCRCCCRCRCRCRRCRCCRCRRCRCCCRCRCRCRRCRCCRCRRCRCCCRCRCRCRRCRCCRCRRCRCCCRCRCRCRRCRCCRCRRCRCCCRCRCRCRRCRCCRCRRCRCCCRCRCRCRRCRCCRCRRCRCCCRCRCRCRRCRCCRCRRCRCCCRCRCRCRRCRCCRCRRCRCCCRCRCRCRRCRCCRCRRCRCCCRC,0,0,0.0,1,1,0,0,6268.771270002617,0,0.11874100164277479,['spatial'],,,,spatial_multi/00043,1,0,151,151,0.0,False,242,4,60.5,1372.0998403820322,2918.93359375,pre_replay,True,0.0,0,0.0,0,0,0,0,0,0.0,0,0.0,0,0,0,0,0,0.16301291972922627,1,0.0,0,16,50,800,800,0,0,0,0,0,0,2,50,48
43,"Grid 6x6 with obstacles [(0, 4), (1, 5), (2, 2), (2, 5), (5, 4), (5, 5)]. Start (4, 0) goal (4, 5). Respond with moves using U, D, L, R only, no spaces (e.g., UDLR).",DDDDD,RLURDRDDLLURRDULLRDDRLRURDRCRRUULURUCDDRCLDRDRCRRULURRUULURUCDDLRCRRUULURUCDDRCLDRDRCRRULURRUULURUCDDLRCRRUULURUCDDRCLDRDRCRRULURRUULURUCDDLRCRRUULURUCDDRCLDRDRCRRULURRUULURUCDDLRCRRUULURUCDDRCLDRDRCRRULURRUULURUCDDLRCRRUULURUCDDRCLDRDRCRRULURRUULURUCDDLRCRRUULURUCDDRCLDRDRCRRULURRUULURUCDDLRCRRUULURUCDDRCLDRDRCRRULURRUULURUCDDLRCRRUULURUCDDRCLDRDRCRRULURRUULURUCDDLRCRRUULURUCDDRCLDRDRCRRULURRUULURUCDDLRCRRUULURUCDDRCLDRDRCRRULURRUULURUCDDLRCRRUULURUCDDRCLDRDRCRRULURRUULURUCDDLRCRRUULURUCDDRCLDRDRCRRULURRU,0,0,0.0,1,1,0,0,6287.793147999764,0,0.10344099791836925,['spatial'],,,,spatial_multi/00044,1,0,151,151,0.0,False,447,5,89.4,1372.0998403820322,2918.93359375,pre_replay,True,0.0,0,0.0,0,0,0,0,0,0.0,0,0.0,0,0,0,0,0,0.16301291972922627,1,0.0,0,16,50,800,800,0,0,0,0,0,0,2,50,48
44,"Grid 6x6 with obstacles [(0, 4), (1, 5), (2, 2), (2, 5), (5, 4), (5, 5)]. Start (2, 1) goal (4, 2). Respond with moves using U, D, L, R only, no spaces (e.g., UDLR).",RRD,RLURDRLLRDULLRDLRCDDLCUUCRRCDDLCUUCRRCDDLCUUCRRCDDLCUUCRRCDDLCUUCRRCDDLCUUCRRCDDLCUUCRRCDDLCUUCRRCDDLCUUCRRCDDLCUUCRRCDDLCUUCRRCDDLCUUCRRCDDLCUUCRRCDDLCUUCRRCDDLCUUCRRCDDLCUUCRRCDDLCUUCRRCDDLCUUCRRCDDLCUUCRRCDDLCUUCRRCDDLCUUCRRCDDLCUUCRRCDDLCUUCRRCDDLCUUCRRCDDLCUUCRRCDDLCUUCRRCDDLCUUCRRCDDLCUUCRRCDDLCUUCRRCDDLCUUCRRCDDLCUUCRRCDDLCUUCRRCDDLCUUCRRCDDLCUUCRRCDDLCUUCRRCDDLCUUCRRCDDLCUUCRRCDDLCUUCRRCDDLCUUCRRCDDLCUUCRRCDDLCUUCRRCDD,0,0,0.0,1,1,0,0,6403.731304999383,0,0.10345999908167869,['spatial'],,,,spatial_multi/00045,1,0,151,151,0.0,False,306,3,102.0,1372.0998403820322,2918.93359375,pre_replay,True,0.0,0,0.0,0,0,0,0,0,0.0,0,0.0,0,0,0,0,0,0.16301291972922627,1,0.0,0,16,50,800,800,0,0,0,0,0,0,2,50,48
45,"Grid 6x6 with obstacles [(0, 4), (1, 5), (2, 2), (2, 5), (5, 4), (5, 5)]. Start (1, 2) goal (4, 5). Respond with moves using U, D, L, R only, no spaces (e.g., UDLR).",DRRRDD,RLURDLRDLLRUDDRLRDDLLRD,0,0,0.0,1,1,0,0,340.2338169980794,0,0.13023100109421648,['spatial'],,,,spatial_multi/00046,1,0,151,151,0.0,False,23,6,3.8333333333333335,1372.0998403820322,2918.93359375,pre_replay,True,0.0,0,0.0,0,0,0,0,0,0.0,0,0.0,0,0,0,0,0,0.16301291972922627,1,0.0,0,16,50,800,800,0,0,0,0,0,0,2,50,48
46,"Grid 6x6 with obstacles [(0, 4), (1, 5), (2, 2), (2, 5), (5, 4), (5, 5)]. Start (3, 2) goal (5, 1). Respond with moves using U, D, L, R only, no spaces (e.g., UDLR).",RRU,URDDLRLRDLLRUDDULDRDRLRURRDDLUDDRLRURRDRCRCLRRDCRCRCLRRDCRCRCLRR,0,0,0.0,1,1,0,0,903.4973269990587,0,0.1044510026986245,['spatial'],,,,spatial_multi/00047,1,0,151,151,0.0,False,56,3,18.666666666666668,1372.0998403820322,2918.93359375,pre_replay,True,0.0,0,0.0,0,0,0,0,0,0.0,0,0.0,0,0,0,0,0,0.16301291972922627,1,0.0,0,16,50,800,800,0,0,0,0,0,0,2,50,48
47,"Grid 6x6 with obstacles [(0, 4), (1, 5), (2, 2), (2, 5), (5, 4), (5, 5)]. Start (0, 3) goal (3, 3). Respond with moves using U, D, L, R only, no spaces (e.g., UDLR).",RRR,URRRDRDDRLULURRDDLLRDRCUULRUURUDRCUURUDDRCURURDRCURURRDRCURURRDRCURURRDRCURURRDRCURURRDRCURURRDRCURURRDRCURURRDRCURURRDRCURURRDRCURURRDRCURURRDRCURURRDRCURURRDRCURURRDRCURURRDRCURURRDRCURURRDRCURURRDRCURURRDRCURURRDRCURURRDRCURURRDRCURURRDRCURURRDRCURURRDRCURURRDRCURURRDRCURURRDRCURURRDRCURURRDRCURURRDRCURURRDRCURURRDRCURURRDRCURURRDRCURURRDRCURURRDRCURURRDRCURURRDRCURURRDRCURURRDRCURURRDRCURURRDRCURURRDRCURURRDRCURURRDRCURURRDRCURURRDRCURURRDRCURURRDRCURURRDRCURURRDRCURURRDRCURURRDRCURURRDRCURURRDRCURUR,0,0,0.0,1,1,0,0,6329.43390699802,0,0.11098100003437139,['spatial'],,,,spatial_multi/00048,1,0,151,151,0.0,False,448,3,149.33333333333334,1372.0998403820322,2918.93359375,pre_replay,True,0.0,0,0.0,0,0,0,0,0,0.0,0,0.0,0,0,0,0,0,0.16301291972922627,1,0.0,0,16,50,800,800,0,0,0,0,0,0,2,50,48
48,"Grid 6x6 with obstacles [(0, 4), (1, 5), (2, 2), (2, 5), (5, 4), (5, 5)]. Start (1, 3) goal (5, 0). Respond with moves using U, D, L, R only, no spaces (e.g., UDLR).",RRRRUUU,RLRDLLURDDRULDRUDDRUDDRCR,0,0,0.0,1,1,0,0,368.5583980004594,0,0.10242099961033091,['spatial'],,,,spatial_multi/00049,1,0,151,151,0.0,False,24,7,3.4285714285714284,1372.0998403820322,2918.93359375,pre_replay,True,0.0,0,0.0,0,0,0,0,0,0.0,0,0.0,0,0,0,0,0,0.16301291972922627,1,0.0,0,16,50,800,800,0,0,0,0,0,0,2,50,48
49,"Grid 6x6 with obstacles [(0, 4), (1, 5), (2, 2), (2, 5), (5, 4), (5, 5)]. Start (4, 1) goal (3, 2). Respond with moves using U, D, L, R only, no spaces (e.g., UDLR).",LD,URDRUDDLUDDLRLRDLLURRDDRUDDLRDRLURRRDRLURDRURDLURDDRLRDRDRLRDDRUDDLRDRLURRRDRLURDRURDLURDDRLRDRDRLRDDRUDDLRDRLURRRDRLURDRURDLURDDRLRDRDRLRDDRUDDLRDRLURRRDRLURDRURDLURDDRLRDRDRLRDDRUDDLRDRLURRRDRLURDRURDLURDDRLRDRDRLRDDRUDDLRDRLURRRDRLURDRURDLURDDRLRDRDRLRDDRUDDLRDRLURRRDRLURDRURDLURDDRLRDRDRLRDDRUDDLRDRLURRRDRLURDRURDLURDDRLRDRDRLRDDRUDDLRDRLURRRDRLURDRURDLURDDRLRDRDRLRDDRUDDLRDRLURRRDRLURDRURDLURDDRLRDRDRLRDDRUDDLRDRLURRRDRLURDRURDLURDDRLRDRDRLRDDRUDDLRDRLURRRDRLURDRURDLUR,0,0,0.0,1,1,0,0,6488.158135001868,0,0.09956099893315695,['spatial'],,,,spatial_multi/00050,1,0,151,151,0.0,False,478,2,239.0,1372.0998403820322,2918.93359375,pre_replay,True,0.0,0,0.0,0,0,0,0,0,0.0,0,0.0,0,0,0,0,0,0.16301291972922627,1,0.0,0,16,50,800,800,0,0,0,0,0,0,2,50,48
